{
    "titolo": "The Rock Tensions",
    "sinossi": "John, Jay e Joe formano una band e iniziano le prove nel garage di John. All'inizio tutti suonano con calma, ma presto il volume aumenta.\nLa ricerca dell'equilibrio sonoro dà il via a una corsa all'attrezzatura che può solo finire male.",
    "immagine": "https://i.ibb.co/99wFKywB/locandina-2.png",
    "galleria": [],
    "regista": "Markus Lehtokumpu",
    "durata": "4:03",
    "anno": "",
    "bio":"Lavoro nell'industria dell'animazione dal 2011 su vari progetti. Principalmente, ho lavorato come animatore 3D realizzando spot pubblicitari, serie TV e film. Nel 2021 ho iniziato a studiare presso la Turku University of Applied Sciences per ampliare le mie competenze nell'animazione 2D disegnata a mano. Mi piace fare musica, suonare la chitarra e creare animazioni che siano divertenti da realizzare. Dichiarazione del Regista: L'idea per l'animazione è nata originariamente da un'innocente e divertente osservazione dal punto di vista di un musicista: spesso, qualcuno nella band vuole distinguersi più degli altri.Tuttavia, ho presto notato il collegamento con la competizione insensata e i conflitti tra nazioni, che si ripetono di generazione in generazione. Quando l'umanità imparerà a costruire insieme, invece di distruggere?"
}