{
    "titolo": "Ya Hanouni",
    "sinossi": "Mentre la mamma e il papà cercano di addormentare il loro bambino, una competizione tra loro si verifica: chi dei due riuscirà a fargli dire la prima parola?\nDirector Biography - Lyna Tadount, Sofian Chouaib",
    "immagine": "https://i.ibb.co/vC6YGQv/Ya-Hanouni.jpg",
    "galleria": [],
    "link":"https://www.youtube.com/watch?v=nYQ9btdJPNo",
    "regista": "Markus Lehtokumpu",
    "durata": "3:00",
    "anno": "",
    "bio":"Nata a Tizi Ouzou (Algeria), Lyna Tadount è cresciuta in Francia ed è diventata un'artista appassionata e autodidatta in diversi campi. Si è laureata presso la facoltà di lettere della Sorbonne Université, dove ha studiato letteratura franco-inglese e si è specializzata in giornalismo. Oggi lavora come sceneggiatrice e fotografa a Parigi.Nato nel sud della Francia, Sofian Chouaib ha iniziato come creatore di contenuti su YouTube durante gli anni del liceo, ma ha presto trovato la sua vocazione nel cinema. Ha quindi deciso di proseguire gli studi presso l'Università Paris 1 Panthéon-Sorbonne, dove si è laureato nel 2021 nella sezione cinema. Sofian lavora attualmente come regista e sceneggiatore a Parigi."
}