{
    "titolo": "DIECI SECONDI",
    "sinossi": "Una bambina gioca a nascondino con la sua famiglia, quando esce allo scoperto però niente è come  più prima.",
    "immagine": "https://i.ibb.co/9HPc0DNr/POSTER-DIECI-SECONDI.jpg",
    "galleria": [],
    "regista": "Roberta Palmieri",
    "durata": "11:40",
    "anno": "",
    "bio":"(Chieti, 1994) Roberta Palmieri si forma presso il Dams di Bologna. Nel 2021 scrive Capitan Didier di Margherita Ferri, Menzione speciale ai Nastri D’Argento. A Bologna co-fonda Sette E Mezzo  Studio, casa di produzione cinematografica. Nel 2024 dirige il primo cortometraggio alla regia  Dieci secondi - co-prodotto con One Shot Production - presentato in Anteprima mondiale al Torino  Film Festival. È selezionata come regista per il programma Netflix Becoming Maestre, promosso da Netflix Italia e da Accademia del Cinema Italiano - Premi David di Donatello. Nel 2025 co-dirige  Ziki con Olga Sargenti, cortometraggio d’animazione, Premio SIAE - Per Chi Crea e lavora al  documentario Devotee, co-diretto con Francesco Rubattu. Oggi lavora al lungometraggio “La  ragazza ciclope” con Matteo De Liberato, presentato agli Unbox Short Film Days di Alice nella  città.",
    "trailer":""
}