{
    "titolo": "Place under the sun",
    "sinossi": "Un talentuoso pianista e il suo figlio di 8 anni lottano per trovare un posto dove vendere verdura nel più grande mercato della Moldavia nei primi anni 2000. Quando il padre sembra arrendersi sotto il peso della sua esistenza precaria, un gesto del figlio riaccende la speranza.",
    "immagine": "https://i.ibb.co/F4vnXKtX/Poster-Place-under-the-sun-EN.png",
    
    "galleria": [],
    "regista": "Vlad Bolgarin",
    "durata": "20:00",
    "anno": "",
    "bio":"Regista e produttore cinematografico della Repubblica di Moldavia. Ha studiato regia alla Accademia di Musica, Teatro e Belle Arti di Chisinau. È a capo di VOLT Cinematography – studio di produzione e post-produzione cinematografica. È conosciuto per i cortometraggi "SIGH" e "Place under the Sun" (Shanghai IFF, Sarajevo FF, Busan ISFF, Animayo); e per la serie moldavo-americana 'Lost in Moldova' (LA Shorts, Seriencamp, Berlin Webfest). Attualmente lavora allo sviluppo di diversi cortometraggi e del suo lungometraggio d'esordio."
}