{
    "titolo": "SHARING IS CARING",
    "sinossi": "Marco, un aspirante cryptotrader, noleggia un'auto e attiva \"Sharing is Caring\", un servizio che premia gli utenti per la condivisione dei propri dati. Mentre confessa i suoi segreti, scopre di aver autorizzato la trasmissione a media nazionali, rendendo le sue rivelazioni un caso pubblico.",
    "immagine": "https://i.ibb.co/5Wxrwvh/LOCANDINA-SHARINGISCARIGN.jpg",
    "galleria": [],
    "regista": "Vincenzo Mauro",
    "durata": "15:00",
    "anno": "",
    "bio":"Penso in napoletano e poi traduco(in italiano). Ho realizzato numerosi reportage e documentari per il programma 'Le Iene' e mi sono innamorato del cinema lavorando in produzione. Come direttore di produzione ho curato diversi film per molte case cinematografiche. 'Sharing is Caring' è il mio cortometraggio d'esordio, la prima volta che un'idea ha suscitato in me abbastanza entusiasmo da dargli vita. "
}