{
    "titolo": "Father’s Letters\n",
    "sinossi": "Nel 1934, il professor Vangengheim viene condannato al Gulag nelle isole Solovki. Fingendo di partire per un grande viaggio di esplorazione, scrive lettere fantasiose a sua figlia Eleonora, proteggendola così dalla verità della sua condanna come “traditore della patria”.",
    "immagine": "https://i.ibb.co/35fWHz1b/FL-Poster-CHOIX-DISTRIB-EN-min.jpg",
    "galleria": [],
    "regista": "Alexey Evstigneev\n",
    "durata": "12:10 minuti",
    "anno": "",
    bio:"Alexey Evstigneev è nato e cresciuto a Shatura, in Russia. Si è laureato in Regia Documentaria alla VGIK di Mosca e ha frequentato l’atelier di animazione di Jiří Barta presso l’Università della Boemia Occidentale a Pilsen, nella Repubblica Ceca. Il suo documentario di diploma “Golden Buttons” è stato presentato in anteprima mondiale a Vision du Réel e ha vinto il Talent Award dell’IDFA, prima di essere selezionato e premiato in numerosi festival in tutto il mondo. Alexey ha inoltre partecipato al CEE Animation Forum, a Euro Connection, all’IDFA Talent Campus, al Visions du Réel Lab e al Talent Campus del Fajr International Film Festival."
}