{
    "titolo": "APPUNTAMENTO A MEZZOGIORNO",
    "sinossi": "Maria e Carmine sono una coppia giovane, senza figli. Lei è vivace e materna, lui teneramente burbero. Maria cucina pasta e fagioli, e Carmine si ferisce aprendo una scatoletta. Ancora non lo sanno, ma stanno vivendo quello che diventerà il momento più speciale della loro vita. \n\n\nAntonio Passaro è un regista e sceneggiatore italiano. \nSi è laureto in Discipline delle Arti Visive, della Musica e dello Spettacolo presso l'Università degli Studi di Salerno e in Storia e Critica d'Arte nella stessa Università. Successivamente segue il master di II livello in sceneggiatura presso la scuola \"Tracce S.N.C.\" tenuto dalla sceneggiatrice Heidrun Schleef (palma d'oro al festival di Cannes per La stanza del figlio). \nNel 2021 ha seguito il corso di sceneggiatura diretto da Fabio Bonifacci alla cineteca di Bologna e sempre nel 2021 viene selezionato come autore per scrivere un cortometraggio per il Giffoni Film Festival. \nNel 2019 ha lavorato come assistente alla regia per Sydney Sibilia, nel film \"L'Incredibile storia dell'isola delle rose\". \nHa girato molteplici videoclip musicali e spot pubblicitari, tra cui lo spot di lancio della società gaming \"GL17CH\" del calciatore Ciro Immobile. \nHa scritto e diretto cinque cortometraggi. L'ultimo di questi, \"Appuntamento a mezzogiorno\" è stato presentato in anteprima alla 54esima edizione del Giffoni Film Festival. \nAttualmente sta lavorando alla terza stesura del suo primo lungomentraggio.",
    "immagine": "https://i.postimg.cc/Jz9Nt9Nt/AAM-DEF-hires.jpg",
    "galleria": [],
    "regista": "Antonio Passaro",
    "durata": "14 minuti",
    "anno": "",
    "bio":""
}